No,Kode PT,Nama Institusi,Klaster,Sinta Score Overall,Sinta Score 3Yr,Sinta ID Link
1,2003,Institut Pertanian Bogor,Mandiri,0,3,428
2,2001,Institut Teknologi Bandung,Mandiri,0,3,379
3,2002,Institut Teknologi Sepuluh Nopember,Mandiri,0,3,417
4,51013,Universitas Ahmad Dahlan,Mandiri,0,3,386
5,1004,Universitas Airlangga,Mandiri,0,3,380
6,1006,Universitas Andalas,Mandiri,0,3,394
7,1030,Universitas Bengkulu,Mandiri,0,3,402
8,31038,Universitas Bina Nusantara,Mandiri,0,3,388
9,1019,Universitas Brawijaya,Mandiri,0,3,404
10,71071,Universitas Ciputra Surabaya,Mandiri,0,3,2098
11,1008,Universitas Diponegoro,Mandiri,0,3,27
12,1001,Universitas Gadjah Mada,Mandiri,0,3,384
13,1005,Universitas Hasanuddin,Mandiri,0,3,385
14,1002,Universitas Indonesia,Mandiri,0,3,430
15,51001,Universitas Islam Indonesia,Mandiri,0,3,382
16,171006,Universitas Islam Riau,Mandiri,0,3,2893
17,1020,Universitas Jambi,Mandiri,0,3,491
18,1025,Universitas Jember,Mandiri,0,3,406
19,1023,Universitas Jenderal Soedirman,Mandiri,0,3,7
20,31007,Universitas Katolik Indonesia Atma Jaya,Mandiri,0,3,409
21,71002,Universitas Kristen Petra,Mandiri,0,3,408
22,61001,Universitas Kristen Satya Wacana,Mandiri,0,3,13
23,1010,Universitas Lambung Mangkurat,Mandiri,0,3,439
24,1026,Universitas Lampung,Mandiri,0,3,398
25,1046,Universitas Malikussaleh,Mandiri,0,3,507
26,1016,Universitas Mataram,Mandiri,0,3,399
27,31019,Universitas Mercu Buana,Mandiri,0,3,1066
28,71024,Universitas Muhammadiyah Malang,Mandiri,0,3,2053
29,71060,Universitas Muhammadiyah Sidoarjo,Mandiri,0,3,551
30,61008,Universitas Muhammadiyah Surakarta,Mandiri,0,3,27
31,51007,Universitas Muhammadiyah Yogyakarta,Mandiri,0,3,1872
32,1047,Universitas Negeri Gorontalo,Mandiri,0,3,508
33,1037,Universitas Negeri Jakarta,Mandiri,0,3,435
34,1036,Universitas Negeri Makassar,Mandiri,0,3,436
35,1033,Universitas Negeri Malang,Mandiri,0,3,438
36,1040,Universitas Negeri Medan,Mandiri,0,3,500
37,1032,Universitas Negeri Padang,Mandiri,0,3,497
38,1041,Universitas Negeri Semarang,Mandiri,0,3,9
39,1039,Universitas Negeri Surabaya,Mandiri,0,3,499
40,1038,Universitas Negeri Yogyakarta,Mandiri,0,3,388
41,1007,Universitas Padjadjaran,Mandiri,0,3,481
42,1048,Universitas Pendidikan Ganesha,Mandiri,0,3,509
43,1034,Universitas Pendidikan Indonesia,Mandiri,0,3,414
44,1017,Universitas Riau,Mandiri,0,3,415
45,1012,Universitas Sam Ratulangi,Mandiri,0,3,2043
46,1027,Universitas Sebelas Maret,Mandiri,0,3,8
47,1009,Universitas Sriwijaya,Mandiri,0,3,440
48,1042,Universitas Sultan Ageng Tirtayasa,Mandiri,0,3,501
49,1003,Universitas Sumatera Utara,Mandiri,0,3,441
50,71004,Universitas Surabaya,Mandiri,0,3,403
51,1011,Universitas Syiah Kuala,Mandiri,0,3,442
52,1022,Universitas Tanjungpura,Mandiri,0,3,475
53,31015,Universitas Tarumanagara,Mandiri,0,3,476
54,41057,Universitas Telkom,Mandiri,0,3,1093
55,31016,Universitas Trisakti,Mandiri,0,3,477
56,1013,Universitas Udayana,Mandiri,0,3,433
57,32016,Institut Bio Scientia Internasional Indonesia,Utama,0,0,1122
58,42016,Institut Bisnis dan Informatika Kesatuan,Utama,0,3,1511
59,92005,Institut Bisnis dan Keuangan Nitro,Utama,0,3,2635
60,172005,Institut Bisnis dan Teknologi Pelita Indonesia,Utama,0,3,8244249
61,72015,Institut Ilmu Kesehatan Bhakti Wiyata Kediri,Utama,0,3,2129
62,42012,Institut Keguruan dan Ilmu Pendidikan Siliwangi,Utama,0,3,1477
63,32011,Institut Keuangan-Perbankan dan Informatika Asia Perbanas,Utama,0,3,1114
64,82013,Institut Pariwisata dan Bisnis Internasional,Utama,0,3,2450
65,32031,Institut Pariwisata Trisakti,Utama,0,3,1184
66,42013,Institut Pendidikan Indonesia Garut,Utama,0,3,1470
67,52004,Institut Pertanian Stiper,Utama,0,3,1888
68,2007,Institut Seni Indonesia Bali,Utama,0,3,531
69,72002,Institut Teknologi Adhi Tama Surabaya,Utama,0,3,2102
70,52007,Institut Teknologi Dirgantara Adisutjipto,Utama,0,3,1909
71,32006,Institut Teknologi Indonesia,Utama,0,3,1111
72,2013,Institut Teknologi Kalimantan,Utama,0,3,1470
73,42002,Institut Teknologi Nasional Bandung,Utama,0,3,1452
74,72004,Institut Teknologi Nasional Malang,Utama,0,3,2121
75,52006,Institut Teknologi Nasional Yogyakarta,Utama,0,3,1891
76,102002,Institut Teknologi Padang,Utama,0,3,2916
77,32026,Institut Teknologi Perusahaan Listrik Negara,Utama,0,3,1177
78,2014,Institut Teknologi Sumatera,Utama,0,3,537
79,32020,Institut Transportasi dan Logistik Trisakti,Utama,0,3,1135
80,93027,Sekolah Tinggi Ilmu Ekonomi Makassar Bongaya,Utama,0,3,2599
81,53003,Sekolah Tinggi Ilmu Ekonomi YKPN,Utama,0,3,1892
82,63032,Sekolah Tinggi Ilmu Farmasi Yayasan Pharmasi,Utama,0,3,309
83,43034,Sekolah Tinggi Keguruan dan Ilmu Pendidikan Pasundan,Utama,0,3,1472
84,83054,STIKES Wira Medika Bali,Utama,0,3,2452
85,31017,Universitas 17 Agustus 1945 Jakarta,Utama,0,3,1063
86,61003,Universitas 17 Agustus 1945 Semarang,Utama,0,3,16
87,71001,Universitas 17 Agustus 1945 Surabaya,Utama,0,3,2036
88,41011,Universitas Advent Indonesia,Utama,0,3,1401
89,41087,Universitas 'Aisyiyah Bandung,Utama,0,3,1686
90,51022,Universitas Aisyiyah Yogyakarta,Utama,0,3,1883
91,51031,Universitas AKPRIND Indonesia,Utama,0,3,8244916
92,91037,Universitas Al Asyariah Mandar,Utama,0,3,2563
93,31044,Universitas Al-Azhar Indonesia,Utama,0,3,1089
94,51021,Universitas Alma Ata,Utama,0,3,479
95,91085,Universitas Almarisah Madani,Utama,0,3,2703
96,51024,Universitas Amikom Yogyakarta,Utama,0,3,1906
97,11016,Universitas Asahan,Utama,0,3,593
98,51005,Universitas Atma Jaya Yogyakarta,Utama,0,3,397
99,31053,Universitas Bakrie,Utama,0,3,1099
100,21012,Universitas Bandar Lampung,Utama,0,3,844
101,1049,Universitas Bangka Belitung,Utama,0,3,2077
102,31036,Universitas Bhayangkara Jakarta Raya,Utama,0,3,1082
103,21019,Universitas Bina Darma,Utama,0,3,851
104,31065,Universitas Bina Sarana Informatika,Utama,0,3,1290
105,31064,Universitas Binawan,Utama,0,3,1200
106,1050,Universitas Borneo Tarakan,Utama,0,3,511
107,91049,Universitas Bosowa,Utama,0,3,2573
108,41062,Universitas Buana Perjuangan Karawang,Utama,0,3,1449
109,31045,Universitas Budi Luhur,Utama,0,3,1090
110,31048,Universitas Bunda Mulia,Utama,0,3,1092
111,101001,Universitas Bung Hatta,Utama,0,3,2889
112,31042,Universitas Bung Karno,Utama,0,3,1087
113,1018,Universitas Cenderawasih,Utama,0,3,489
114,91039,Universitas Cokroaminoto Palopo,Utama,0,3,2564
115,71085,Universitas Darussalam Gontor,Utama,0,3,2114
116,91006,Universitas Dayanu Ikhsanuddin,Utama,0,3,2532
117,81029,Universitas Dhyana Pura,Utama,0,3,2389
118,61031,Universitas Dian Nuswantoro,Utama,0,3,20
119,71099,Universitas Dinamika,Utama,0,3,2130
120,91070,Universitas Dipa Makassar,Utama,0,3,2622
121,41019,Universitas Djuanda,Utama,0,3,1407
122,71005,Universitas Dr Soetomo,Utama,0,3,2037
123,31033,Universitas Esa Unggul,Utama,0,3,1080
124,91045,Universitas Fajar,Utama,0,3,2569
125,41023,Universitas Galuh,Utama,0,3,1411
126,41024,Universitas Garut,Utama,0,3,1412
127,31037,Universitas Gunadarma,Utama,0,3,407
128,1029,Universitas Halu Oleo,Utama,0,3,392
129,81035,Universitas Hamzanwadi,Utama,0,3,2394
130,71056,Universitas Hang Tuah,Utama,0,3,2084
131,171040,Universitas Hang Tuah Pekanbaru,Utama,0,3,8244550
132,71080,Universitas Hasyim Asy'ari Tebuireng Jombang,Utama,0,3,2107
133,81009,Universitas Hindu Indonesia,Utama,0,3,2372
134,11002,Universitas HKBP Nommensen,Utama,0,3,579
135,11050,Universitas HKBP Nommensen Pematangsiantar,Utama,0,3,8258
136,41001,Universitas Ibn Khaldun Bogor,Utama,0,3,1391
137,21024,Universitas Indo Global Mandiri,Utama,0,3,856
138,31049,Universitas Indraprasta PGRI,Utama,0,3,1094
139,171011,Universitas Internasional Batam,Utama,0,3,2899
140,41018,Universitas Islam 45,Utama,0,3,1406
141,41002,Universitas Islam Bandung,Utama,0,3,1392
142,111003,Universitas Islam Kalimantan Muhammad Arsyad Al Banjari Banjarmasin,Utama,0,3,3134
143,71067,Universitas Islam Lamongan,Utama,0,3,2093
144,91028,Universitas Islam Makassar,Utama,0,3,2554
145,71027,Universitas Islam Malang,Utama,0,3,2056
146,61037,Universitas Islam Nahdlatul Ulama Jepara,Utama,0,3,1990
147,41003,Universitas Islam Nusantara,Utama,0,3,1393
148,61002,Universitas Islam Sultan Agung,Utama,0,3,3
149,11001,Universitas Islam Sumatera Utara,Utama,0,3,578
150,51003,Universitas Janabadra,Utama,0,3,1869
151,41021,Universitas Jenderal Achmad Yani,Utama,0,3,1409
152,41006,Universitas Katolik Parahyangan,Utama,0,3,1397
153,11009,Universitas Katolik Santo Thomas,Utama,0,3,587
154,61012,Universitas Katolik Soegijapranata,Utama,0,3,19
155,71003,Universitas Katolik Widya Mandala Surabaya,Utama,0,3,412
156,1044,Universitas Khairun,Utama,0,3,505
157,41027,Universitas Komputer Indonesia,Utama,0,3,528
158,151003,Universitas Kristen Artha Wacana,Utama,0,3,2383
159,51011,Universitas Kristen Duta Wacana,Utama,0,3,1876
160,31009,Universitas Kristen Indonesia,Utama,0,3,405
161,31010,Universitas Kristen Krida Wacana,Utama,0,3,478
162,41007,Universitas Kristen Maranatha,Utama,0,3,391
163,41038,Universitas Kuningan,Utama,0,3,1426
164,11052,Universitas Labuhanbatu,Utama,0,3,656
165,171007,Universitas Lancang Kuning,Utama,0,3,2896
166,41015,Universitas Langlang Buana,Utama,0,3,1404
167,101004,Universitas Mahaputra Muhammad Yamin,Utama,0,3,2892
168,81003,Universitas Mahasaraswati Denpasar,Utama,0,3,2365
169,41043,Universitas Majalengka,Utama,0,3,1431
170,21009,Universitas Malahayati,Utama,0,3,841
171,91068,Universitas Mandala Waluya,Utama,0,3,2707
172,1052,Universitas Maritim Raja Ali Haji (UMRAH),Utama,0,3,514
173,11008,Universitas Medan Area,Utama,0,3,586
174,91056,Universitas Megarezky,Utama,0,3,8270
175,51019,Universitas Mercu Buana Yogyakarta,Utama,0,3,1881
176,71025,Universitas Merdeka Malang,Utama,0,3,2054
177,11006,Universitas Methodist Indonesia,Utama,0,3,3137
178,131004,Universitas Muhammadiyah Aceh,Utama,0,3,4790
179,21010,Universitas Muhammadiyah Bengkulu,Utama,0,3,842
180,71059,Universitas Muhammadiyah Gresik,Utama,0,3,2087
181,31011,Universitas Muhammadiyah Jakarta,Utama,0,3,1059
182,71032,Universitas Muhammadiyah Jember,Utama,0,3,2060
183,111024,Universitas Muhammadiyah Kalimantan Timur,Utama,0,3,4632
184,91036,Universitas Muhammadiyah Kendari,Utama,0,3,2562
185,61004,Universitas Muhammadiyah Magelang,Utama,0,3,17
186,91004,Universitas Muhammadiyah Makassar,Utama,0,3,2530
187,81010,Universitas Muhammadiyah Mataram,Utama,0,3,2373
188,21001,Universitas Muhammadiyah Palembang,Utama,0,3,832
189,91059,Universitas Muhammadiyah Palopo,Utama,0,3,8271
190,91024,Universitas Muhammadiyah Pare-pare,Utama,0,3,2550
191,71044,Universitas Muhammadiyah Ponorogo,Utama,0,3,2072
192,31039,Universitas Muhammadiyah Prof Dr Hamka,Utama,0,3,1083
193,61019,Universitas Muhammadiyah Purwokerto,Utama,0,3,28
194,61025,Universitas Muhammadiyah Purworejo,Utama,0,3,51
195,171018,Universitas Muhammadiyah Riau,Utama,0,3,2905
196,61026,Universitas Muhammadiyah Semarang,Utama,0,3,52
197,91058,Universitas Muhammadiyah Sidenreng Rappang,Utama,0,3,8272
198,41040,Universitas Muhammadiyah Sukabumi,Utama,0,3,1428
199,101002,Universitas Muhammadiyah Sumatera Barat,Utama,0,3,2890
200,11003,Universitas Muhammadiyah Sumatera Utara,Utama,0,3,581
201,71012,Universitas Muhammadiyah Surabaya,Utama,0,3,2043
202,41051,Universitas Muhammadiyah Tangerang,Utama,0,3,1319
203,1015,Universitas Mulawarman,Utama,0,3,476
204,31051,Universitas Multimedia Nusantara Jakarta,Utama,0,3,1097
205,61009,Universitas Muria Kudus,Utama,0,3,26
206,1051,Universitas Musamus Merauke,Utama,0,3,1097
207,91002,Universitas Muslim Indonesia,Utama,0,3,2528
208,11027,Universitas Muslim Nusantara Al-Washliyah,Utama,0,3,448
209,71079,Universitas Nahdlatul Ulama Surabaya,Utama,0,3,2106
210,31012,Universitas Nasional,Utama,0,3,1061
211,1035,Universitas Negeri Manado,Utama,0,3,498
212,1014,Universitas Nusa Cendana,Utama,0,3,487
213,31069,Universitas Nusa Mandiri,Utama,0,3,8244402
214,41067,Universitas Nusa Putra,Utama,0,3,1659
215,71072,Universitas Nusantara PGRI Kediri,Utama,0,3,2099
216,41004,Universitas Pakuan,Utama,0,3,1394
217,1024,Universitas Palangka Raya,Utama,0,3,2053
218,41033,Universitas Pamulang,Utama,0,3,1246
219,61013,Universitas Pancasakti Tegal,Utama,0,3,54
220,31013,Universitas Pancasila,Utama,0,3,1057
221,81008,Universitas Panji Sakti Singaraja,Utama,0,3,2370
222,1045,Universitas Papua,Utama,0,3,1090
223,41008,Universitas Pasundan,Utama,0,3,1398
224,1021,Universitas Pattimura,Utama,0,3,492
225,61011,Universitas Pekalongan,Utama,0,3,25
226,31034,Universitas Pelita Harapan,Utama,0,3,1081
227,41053,Universitas Pembangunan Jaya,Utama,0,3,1441
228,1061,Universitas Pembangunan Nasional Veteran Jakarta,Utama,0,3,525
229,1059,Universitas Pembangunan Nasional Veteran Jawa Timur,Utama,0,3,523
230,1062,Universitas Pembangunan Nasional Veteran Yogyakarta,Utama,0,3,1449
231,11004,Universitas Pembangunan Panca Budi,Utama,0,3,582
232,81045,Universitas Pendidikan Mandalika,Utama,0,3,2397
233,81004,Universitas Pendidikan Nasional,Utama,0,3,2366
234,61038,Universitas Persatuan Guru Republik Indonesia Semarang,Utama,0,3,18
235,71049,Universitas PGRI Adi Buana Surabaya,Utama,0,3,2077
236,71103,Universitas PGRI Kanjuruhan Malang,Utama,0,3,2078
237,71091,Universitas PGRI Madiun,Utama,0,3,2125
238,81047,Universitas PGRI Mahadewa Indonesia,Utama,0,3,2396
239,21016,Universitas PGRI Palembang,Utama,0,3,848
240,101039,Universitas PGRI Sumatera Barat,Utama,0,3,2919
241,51015,Universitas PGRI Yogyakarta,Utama,0,3,1878
242,31063,Universitas Prasetiya Mulya,Utama,0,3,1107
243,41041,Universitas Presiden,Utama,0,3,1429
244,11033,Universitas Prima Indonesia,Utama,0,3,600
245,101012,Universitas Putra Indonesia Yptk Padang,Utama,0,3,2900
246,41071,Universitas Raharja,Utama,0,3,8339
247,51020,Universitas Respati Yogyakarta,Utama,0,3,1882
248,171014,Universitas Riau Kepulauan,Utama,0,3,2902
249,31030,Universitas Sahid,Utama,0,3,1077
250,31056,Universitas Sampoerna,Utama,0,3,1102
251,1053,Universitas Samudra,Utama,0,3,515
252,51012,Universitas Sanata Dharma,Utama,0,3,422
253,41044,Universitas Sangga Buana,Utama,0,3,1432
254,51002,Universitas Sarjanawiyata Tamansiswa,Utama,0,3,1868
255,61017,Universitas Semarang,Utama,0,3,21
256,1055,Universitas Sembilanbelas November Kolaka,Utama,0,3,518
257,1057,Universitas Siliwangi,Utama,0,3,1093
258,11005,Universitas Simalungun,Utama,0,3,583
259,1063,Universitas Singaperbangsa Karawang,Utama,0,3,527
260,61029,Universitas Stikubank,Utama,0,3,59
261,41009,Universitas Swadaya Gunung Jati,Utama,0,3,1399
262,41026,Universitas Swiss German,Utama,0,3,1414
263,1028,Universitas Tadulako,Utama,0,3,494
264,21028,Universitas Teknokrat Indonesia,Utama,0,3,4781
265,51018,Universitas Teknologi Yogyakarta,Utama,0,3,1880
266,1031,Universitas Terbuka,Utama,0,3,496
267,1058,Universitas Teuku Umar,Utama,0,3,521
268,1056,Universitas Tidar,Utama,0,3,10
269,31055,Universitas Trilogi,Utama,0,3,1101
270,1043,Universitas Trunojoyo,Utama,0,3,502
271,61010,Universitas Tunas Pembangunan Surakarta (UTP),Utama,0,3,1986
272,61016,Universitas Veteran Bangun Nusantara,Utama,0,3,84
273,61027,Universitas Wahid Hasyim,Utama,0,3,61
274,81007,Universitas Warmadewa,Utama,0,3,2369
275,71030,Universitas Widya Gama,Utama,0,3,2058
276,41034,Universitas Widyatama,Utama,0,3,1422
277,71009,Universitas Wijaya Kusuma Surabaya,Utama,0,3,2041
278,31026,Universitas Yarsi,Utama,0,3,1074
279,142001,Iisip Yapis Biak,Madya,0,3,3462
280,72011,IKIP PGRI Bojonegoro,Madya,0,3,1478
281,82001,IKIP Saraswati,Madya,0,3,2395
282,102018,Institut Administrasi dan Kesehatan Setih Setio Muara Bungo,Madya,0,3,8244839
283,32033,Institut Bisnis dan Komunikasi Swadaya,Madya,0,3,8244850
284,82019,Institut Bisnis dan Teknologi Indonesia,Madya,0,3,2454
285,112011,Institut Bisnis dan Teknologi Kalimantan,Madya,0,3,8245215
286,82015,Institut Desain dan Bisnis Bali,Madya,0,3,8244321
287,92020,Institut Ilmu Sosial dan Bisnis Andi Sapada,Madya,0,3,8244464
288,22001,Institut Informatika dan Bisnis Darmajaya,Madya,0,3,861
289,172021,Institut Kesehatan dan Teknologi Al Insyirah,Madya,0,3,2895
290,42025,Institut Kesehatan Immanuel,Madya,0,3,8244841
291,172023,Institut Kesehatan Payung Negeri Pekanbaru,Madya,0,3,8244843
292,82023,Institut Kesehatan YARSI Mataram,Madya,0,3,8245086
293,12009,Institut Pendidikan Tapanuli Selatan,Madya,0,3,631
294,114105,Institut Sains dan Bisnis Internasional Singkawang,Madya,0,3,8244919
295,72021,Institut Sains dan Teknologi Terpadu Surabaya,Madya,0,3,2895
296,2010,Institut Seni Budaya Indonesia Bandung,Madya,0,3,3512
297,2009,Institut Seni Indonesia Padang Panjang,Madya,0,3,2440
298,2008,Institut Seni Indonesia Surakarta,Madya,0,3,11
299,2005,Institut Seni Indonesia Yogyakarta,Madya,0,3,530
300,112003,Institut Shanti Bhuana,Madya,0,3,3235
301,172003,Institut Teknologi Batam,Madya,0,3,8244254
302,72023,Institut Teknologi dan Bisnis Asia Malang,Madya,0,3,2216
303,102010,Institut Teknologi dan Bisnis Haji Agus Salim Bukittinggi,Madya,0,3,2923
304,92019,Institut Teknologi dan Bisnis Maritim Balik Diwa,Madya,0,3,2677
305,92021,Institut Teknologi dan Bisnis Nobel Indonesia,Madya,0,3,2650
306,82010,Institut Teknologi dan Bisnis STIKOM Bali,Madya,0,3,2428
307,82009,Institut Teknologi dan Kesehatan Bali,Madya,0,3,2440
308,112010,Institut Teknologi dan Kesehatan Muhammadiyah Kalimantan Barat,Madya,0,3,3205
309,72042,Institut Teknologi dan Sains Mandala,Madya,0,3,2157
310,12005,Institut Teknologi Del,Madya,0,3,614
311,42020,Institut Teknologi Garut,Madya,0,3,1487
312,62014,Institut Teknologi Kesehatan Cendekia Utama Kudus,Madya,0,3,8244580
313,42005,Institut Teknologi Sains Bandung,Madya,0,3,1453
314,12017,Institut Teknologi Sawit Indonesia,Madya,0,3,681
315,43035,Sekolah Tinggi Bahasa Asing Yapari,Madya,0,3,1473
316,43191,Sekolah Tinggi Farmasi Indonesia,Madya,0,3,1570
317,93064,Sekolah Tinggi Ilmu Ekonomi Amkop Makassar,Madya,0,3,2634
318,43022,Sekolah Tinggi Ilmu Ekonomi Ekuitas,Madya,0,3,1464
319,33012,Sekolah Tinggi Ilmu Ekonomi Indonesia Jakarta,Madya,0,3,1118
320,73001,Sekolah Tinggi Ilmu Ekonomi Indonesia Surabaya,Madya,0,3,2132
321,53046,Sekolah Tinggi Ilmu Kesehatan AKBIDYO,Madya,0,3,1962
322,53040,Sekolah Tinggi Ilmu Kesehatan Bethesda Yakkum,Madya,0,3,1921
323,23057,Sekolah Tinggi Ilmu Kesehatan Bina Husada,Madya,0,3,903
324,83089,Sekolah Tinggi Ilmu Kesehatan Buleleng,Madya,0,3,2484
325,43212,Sekolah Tinggi Ilmu Kesehatan Dharma Husada,Madya,0,3,1585
326,93208,Sekolah Tinggi Ilmu Kesehatan Gunung Sari,Madya,0,3,2706
327,73132,Sekolah Tinggi Ilmu Kesehatan Hang Tuah Surabaya,Madya,0,3,2235
328,163021,Sekolah Tinggi Ilmu Kesehatan Indonesia Jaya,Madya,0,3,2653
329,43213,Sekolah Tinggi Ilmu Kesehatan Indramayu,Madya,0,3,1586
330,93080,Sekolah Tinggi Ilmu Kesehatan Makassar,Madya,0,3,2646
331,33156,Sekolah Tinggi Ilmu Kesehatan Medistra Indonesia,Madya,0,3,373
332,93138,Sekolah Tinggi Ilmu Kesehatan Nani Hasanuddin,Madya,0,3,2698
333,63099,Sekolah Tinggi Ilmu Kesehatan Nasional,Madya,0,3,245
334,93172,Sekolah Tinggi Ilmu Kesehatan Panrita Husada Bulukumba,Madya,0,3,2731
335,143021,Sekolah Tinggi Ilmu Kesehatan Papua,Madya,0,3,3484
336,13140,Sekolah Tinggi Ilmu Kesehatan Santa Elisabeth Medan,Madya,0,3,683
337,33117,Sekolah Tinggi Ilmu Kesehatan Sint Carolus,Madya,0,3,1187
338,43286,Sekolah Tinggi Ilmu Kesehatan Sukabumi,Madya,0,3,1647
339,53027,Sekolah Tinggi Ilmu Kesehatan Wira Husada Yogyakarta,Madya,0,3,1912
340,13192,Sekolah Tinggi Keguruan dan Ilmu Pendidikan Al Maksum,Madya,0,3,8467
341,153019,Sekolah Tinggi Keguruan dan Ilmu Pendidikan Citra Bakti,Madya,0,3,2469
342,23013,Sekolah Tinggi Keguruan dan Ilmu Pendidikan PGRI Bandar Lampung,Madya,0,3,872
343,153005,Sekolah Tinggi Manajemen Informatika Komputer Uyelindo Kupang,Madya,0,3,2425
344,53009,Sekolah Tinggi Pembangunan Masyarakat Desa APMD,Madya,0,3,1896
345,113046,Sekolah Tinggi Pertanian Kutai Timur,Madya,0,3,3192
346,63052,Sekolah Tinggi Teknologi Ronggolawe,Madya,0,3,189
347,43167,Sekolah Tinggi Teknologi Wastukancana,Madya,0,3,1553
348,63098,STIKES Estu Utomo,Madya,0,3,251
349,83067,STIKES Hamzar Memben Lombok Timur,Madya,0,3,2464
350,73128,STIKES Karya Husada Kediri,Madya,0,3,2232
351,63104,STIKES Mamba ul Ulum Surakarta,Madya,0,3,4835
352,43277,STIKES Muhammadiyah Ciamis,Madya,0,3,1639
353,93152,STIKES Panakkukang,Madya,0,3,2712
354,93207,STIKES Pelita Ibu,Madya,0,3,2812
355,73180,STIKES Pemenang,Madya,0,3,8244246
356,73145,STIKES Widyagama Husada Malang,Madya,0,3,2247
357,83068,STIKES Yahya Bima,Madya,0,3,2465
358,13181,STIKOM Tunas Bangsa,Madya,0,3,458
359,13029,STKIP Budidaya,Madya,0,3,629
360,113062,STKIP Persada Khatulistiwa,Madya,0,3,3207
361,73049,STKIP PGRI Bangkalan,Madya,0,3,2174
362,103001,STKIP Yayasan Abdi Pendidikan,Madya,0,3,2917
363,41010,Universitas 17 Agustus 1945 Cirebon,Madya,0,3,3483
364,111001,Universitas 17 Agustus 1945 Samarinda,Madya,0,3,3133
365,71104,Universitas Abdurachman Saleh Situbondo,Madya,0,3,2064
366,171013,Universitas Abdurrab,Madya,0,3,2901
367,131003,Universitas Abulyatama,Madya,0,3,3355
368,111002,Universitas Achmad Yani Banjarmasin,Madya,0,3,485
369,41077,Universitas Adhirajasa Reswara Sanjaya,Madya,0,3,1440
370,101030,Universitas Adiwangsa Jambi,Madya,0,3,3023
371,61057,Universitas 'Aisyiyah Surakarta,Madya,0,3,369
372,11038,Universitas Al Washliyah,Madya,0,3,604
373,161006,Universitas Alkhairaat,Madya,0,3,2544
374,131006,Universitas Almuslim,Madya,0,3,3358
375,61054,Universitas Amikom Purwokerto,Madya,0,3,8327
376,91023,Universitas Andi Djemma,Madya,0,3,2549
377,91009,Universitas Atma Jaya Makassar,Madya,0,3,2535
378,101054,Universitas Baiturrahim,Madya,0,3,8245045
379,101009,Universitas Baiturrahmah,Madya,0,3,2898
380,41098,Universitas Bakti Tunas Husada,Madya,0,3,1611
381,111006,Universitas Balikpapan,Madya,0,3,3137
382,41055,Universitas Banten Jaya,Madya,0,3,1443
383,101008,Universitas Batanghari Jambi,Madya,0,3,2897
384,21015,Universitas Baturaja,Madya,0,3,3313
385,41068,Universitas Bhakti Kencana,Madya,0,3,8359
386,71010,Universitas Bhayangkara Surabaya,Madya,0,3,2042
387,41065,Universitas Bina Bangsa,Madya,0,3,4515
388,131013,Universitas Bina Bangsa Getsempena,Madya,0,3,516
389,21032,Universitas Bina Insan,Madya,0,3,936
390,41074,Universitas Bina Insani,Madya,0,3,8443
391,71109,Universitas Bina Sehat PPNI Mojokerto,Madya,0,3,8244678
392,31018,Universitas Borobudur,Madya,0,3,1065
393,61035,Universitas Boyolali,Madya,0,3,45
394,61080,Universitas BPD,Madya,0,3,8245207
395,41060,Universitas Buddhi Dharma,Madya,0,3,1447
396,81040,Universitas Bumigora,Madya,0,3,2419
397,41075,Universitas Catur Insan Cendekia,Madya,0,3,1527
398,91019,Universitas Cokroaminoto Makassar,Madya,0,3,2545
399,11007,Universitas Darma Agung,Madya,0,3,3138
400,31023,Universitas Darma Persada,Madya,0,3,1071
401,61014,Universitas Darul Ulum Islamic Centre Sudirman,Madya,0,3,2559
402,121002,Universitas Darussalam Ambon,Madya,0,3,3308
403,21023,Universitas Dehasen Bengkulu,Madya,0,3,854
404,101024,Universitas Dharma Andalas,Madya,0,3,2911
405,61068,Universitas Dharma AUB Surakarta,Madya,0,3,8244599
406,21050,Universitas Dharma Wacana,Madya,0,3,8245141
407,11012,Universitas Dharmawangsa,Madya,0,3,590
408,101034,Universitas Dinamika Bangsa,Madya,0,3,2966
409,31043,Universitas Dirgantara Marsekal Suryadarma,Madya,0,3,1088
410,61047,Universitas Duta Bangsa Surakarta,Madya,0,3,125
411,81005,Universitas Dwijendra,Madya,0,3,2367
412,101003,Universitas Ekasakti,Madya,0,3,2891
413,151002,Universitas Flores,Madya,0,3,2382
414,101032,Universitas Fort De Kock,Madya,0,3,2978
415,131008,Universitas Gajah Putih,Madya,0,3,3359
416,41082,Universitas Global Jakarta,Madya,0,3,1127
417,161013,Universitas Gorontalo,Madya,0,3,2557
418,11015,Universitas Graha Nusantara,Madya,0,3,592
419,11057,Universitas Haji Sumatera Utara,Madya,0,3,692
420,61048,Universitas Harapan Bangsa,Madya,0,3,370
421,11049,Universitas Harapan Medan,Madya,0,3,620
422,71105,Universitas Hayam Wuruk Perbanas,Madya,0,3,2133
423,21007,Universitas IBA,Madya,0,3,838
424,11058,Universitas IBBI,Madya,0,3,8244481
425,171033,Universitas Ibnu Sina,Madya,0,3,2965
426,71095,Universitas Ibrahimy,Madya,0,3,8142
427,161014,Universitas Ichsan Gorontalo,Madya,0,3,2559
428,31072,Universitas Indonesia Maju,Madya,0,3,8244514
429,41093,Universitas Indonesia Membangun,Madya,0,3,8244442
430,41046,Universitas Informatika dan Bisnis Indonesia,Madya,0,3,1433
431,71111,Universitas Insan Budi Utomo,Madya,0,3,8244835
432,41110,Universitas Insan Pembangunan Indonesia,Madya,0,3,8244635
433,71089,Universitas Internasional Semen Indonesia,Madya,0,3,2118
434,41059,Universitas Islam Al-Ihya Kuningan,Madya,0,3,1446
435,31021,Universitas Islam As-syafiiyah,Madya,0,3,1069
436,61015,Universitas Islam Batik,Madya,0,3,2561
437,171017,Universitas Islam Indragiri,Madya,0,3,2904
438,31003,Universitas Islam Jakarta,Madya,0,3,3355
439,71040,Universitas Islam Kadiri,Madya,0,3,8244550
440,171023,Universitas Islam Kuantan Singingi,Madya,0,3,2910
441,71068,Universitas Islam Madura,Madya,0,3,2095
442,41005,Universitas Islam Syekh-Yusuf,Madya,0,3,1395
443,131001,Universitas Jabal Ghafur,Madya,0,3,3353
444,31006,Universitas Jayabaya,Madya,0,3,1056
445,51025,Universitas Jenderal Achmad Yani Yogyakarta,Madya,0,3,1917
446,71039,Universitas Kadiri,Madya,0,3,2067
447,71019,Universitas Katolik Darma Cendika,Madya,0,3,2906
448,161011,Universitas Katolik De La Salle,Madya,0,3,2555
449,151016,Universitas Katolik Indonesia Santu Paulus Ruteng,Madya,0,3,2423
450,21027,Universitas Katolik Musi Charitas,Madya,0,3,859
451,151001,Universitas Katolik Widya Mandira Kupang,Madya,0,3,2381
452,41096,Universitas Kebangsaan Republik Indonesia,Madya,0,3,1424
453,71081,Universitas KH. A. Wahab Hasbullah,Madya,0,3,2108
454,161002,Universitas Klabat,Madya,0,3,2533
455,31008,Universitas Krisnadwipayana,Madya,0,3,1058
456,51010,Universitas Kristen Immanuel,Madya,0,3,1875
457,121003,Universitas Kristen Indonesia Maluku,Madya,0,3,3309
458,91003,Universitas Kristen Indonesia Paulus,Madya,0,3,2529
459,161001,Universitas Kristen Indonesia Tomohon,Madya,0,3,2531
460,91020,Universitas Kristen Indonesia Toraja,Madya,0,3,2546
461,111008,Universitas Kutai Kartanegara Tenggarong,Madya,0,3,3139
462,41117,Universitas La Tansa Mashiro,Madya,0,3,8244826
463,91021,Universitas Lakidende Unaaha,Madya,0,3,2547
464,41104,Universitas Logistik dan Bisnis Internasional,Madya,0,3,8244633
465,71074,Universitas Ma Chung,Madya,0,3,2101
466,71086,Universitas Maarif Hasyim Latif,Madya,0,3,2115
467,161015,Universitas Madako Tolitoli,Madya,0,3,2561
468,71048,Universitas Madura,Madya,0,3,2076
469,41032,Universitas Mathla ul Anwar,Madya,0,3,1420
470,101051,Universitas Mercubaktijaya,Madya,0,3,8244981
471,71042,Universitas Merdeka Madiun,Madya,0,3,2070
472,101044,Universitas Metamedia,Madya,0,3,2964
473,61036,Universitas Muhadi Setiabudi,Madya,0,3,50
474,111023,Universitas Muhammadiyah Banjarmasin,Madya,0,3,3152
475,81048,Universitas Muhammadiyah Bima,Madya,0,3,8244637
476,91069,Universitas Muhammadiyah Bone,Madya,0,3,2578
477,91061,Universitas Muhammadiyah Bulukumba,Madya,0,3,2579
478,91032,Universitas Muhammadiyah Buton,Madya,0,3,2558
479,41029,Universitas Muhammadiyah Cirebon,Madya,0,3,1417
480,91065,Universitas Muhammadiyah Enrekang,Madya,0,3,2580
481,161018,Universitas Muhammadiyah Gorontalo,Madya,0,3,2568
482,101031,Universitas Muhammadiyah Jambi,Madya,0,3,2980
483,71096,Universitas Muhammadiyah Lamongan,Madya,0,3,2234
484,161008,Universitas Muhammadiyah Luwuk,Madya,0,3,2551
485,121005,Universitas Muhammadiyah Maluku Utara,Madya,0,3,3311
486,161026,Universitas Muhammadiyah Manado,Madya,0,3,8244607
487,21004,Universitas Muhammadiyah Metro,Madya,0,3,835
488,101045,Universitas Muhammadiyah Muara Bungo,Madya,0,3,3035
489,111009,Universitas Muhammadiyah Palangka Raya,Madya,0,3,3140
490,161003,Universitas Muhammadiyah Palu,Madya,0,3,2537
491,61052,Universitas Muhammadiyah Pekajangan Pekalongan,Madya,0,3,8424
492,111013,Universitas Muhammadiyah Pontianak,Madya,0,3,3143
493,21034,Universitas Muhammadiyah Pringsewu Lampung,Madya,0,3,8472
494,141001,Universitas Muhammadiyah Sorong,Madya,0,3,3453
495,11014,Universitas Muhammadiyah Tapanuli Selatan,Madya,0,3,3144
496,41061,Universitas Muhammadiyah Tasikmalaya,Madya,0,3,1448
497,21037,Universitas Multi Data Palembang,Madya,0,3,8244441
498,91053,Universitas Muslim Maros,Madya,0,3,4805
499,71082,Universitas Nahdlatul Ulama Sidoarjo,Madya,0,3,2110
500,101028,Universitas Nahdlatul Ulama Sumatera Barat,Madya,0,3,2915
501,71088,Universitas Nahdlatul Ulama Sunan Giri,Madya,0,3,2117
502,71008,Universitas Narotama,Madya,0,3,2040
503,61044,Universitas Ngudi Waluyo,Madya,0,3,1996
504,81002,Universitas Ngurah Rai,Madya,0,3,2364
505,11063,Universitas Nias,Madya,0,3,8244510
506,11061,Universitas Nias Raya,Madya,0,3,8244516
507,71124,Universitas Noor Huda Mustofa,Madya,0,3,8245218
508,101036,Universitas Nurdin Hamzah,Madya,0,3,2941
509,41025,Universitas Nurtanio Bandung,Madya,0,3,1413
510,71094,Universitas Nurul Jadid,Madya,0,3,4820
511,41020,Universitas Nusa Bangsa,Madya,0,3,1408
512,171029,Universitas Pahlawan Tuanku Tambusai,Madya,0,3,3026
513,111004,Universitas Panca Bhakti,Madya,0,3,3135
514,71038,Universitas Panca Marga,Madya,0,3,2066
515,91017,Universitas Pancasakti,Madya,0,3,4796
516,31041,Universitas Paramadina,Madya,0,3,1086
517,171021,Universitas Pasir Pengaraian,Madya,0,3,2908
518,91075,Universitas Patompo,Madya,0,3,2609
519,41072,Universitas Pelita Bangsa,Madya,0,3,626
520,11025,Universitas Pembinaan Masyarakat Indonesia,Madya,0,3,8360
521,101035,Universitas Perintis Indonesia,Madya,0,3,2989
522,41063,Universitas Perjuangan Tasikmalaya,Madya,0,3,1450
523,31020,Universitas Persada Indonesia Yai,Madya,0,3,1068
524,31062,Universitas Pertamina,Madya,0,3,1106
525,71065,Universitas Pesantren Tinggi Darul Ulum,Madya,0,3,2091
526,71106,Universitas PGRI Argopuro Jember,Madya,0,3,2124
527,71075,Universitas PGRI Banyuwangi,Madya,0,3,2103
528,71115,Universitas PGRI Jombang,Madya,0,3,8244860
529,111034,Universitas PGRI Kalimantan,Madya,0,3,8244890
530,111035,Universitas PGRI Pontianak,Madya,0,3,8245023
531,71073,Universitas PGRI Ronggolawe,Madya,0,3,2100
532,21039,Universitas PGRI Silampari,Madya,0,3,863
533,71100,Universitas PGRI Wiranegara,Madya,0,3,2154
534,11046,Universitas Potensi Utama,Madya,0,3,610
535,31067,Universitas Pradita,Madya,0,3,1233
536,81050,Universitas Primakara,Madya,0,3,8244855
537,21005,Universitas Prof Dr Hazairin SH,Madya,0,3,3311
538,31014,Universitas Prof Dr Moestopo (Beragama),Madya,0,3,1062
539,91057,Universitas Puangrimaggalatung,Madya,0,3,8257
540,171019,Universitas Putera Batam,Madya,0,3,2906
541,61060,Universitas Putra Bangsa,Madya,0,3,170
542,11040,Universitas Quality,Madya,0,3,605
543,31027,Universitas Respati Indonesia,Madya,0,3,1075
544,11069,Universitas Royal,Madya,0,3,8245000
545,61033,Universitas Sahid Surakarta,Madya,0,3,57
546,61030,Universitas Sains Alqur an,Madya,0,3,24
547,141002,Universitas Sains dan Teknologi Jayapura,Madya,0,3,3454
548,81016,Universitas Samawa,Madya,0,3,2379
549,21003,Universitas Sang Bumi Ruwa Jurai,Madya,0,3,3309
550,11045,Universitas Sari Mutiara Indonesia,Madya,0,3,609
551,31025,Universitas Satya Negara Indonesia,Madya,0,3,1073
552,41097,Universitas Sebelas April,Madya,0,3,8244460
553,131005,Universitas Serambi Mekkah,Madya,0,3,3357
554,41049,Universitas Serang Raya,Madya,0,3,1436
555,61022,Universitas Setia Budi,Madya,0,3,58
556,31078,Universitas Siber Indonesia,Madya,0,3,8298
557,61006,Universitas Slamet Riyadi,Madya,0,3,23
558,71120,Universitas STRADA Indonesia,Madya,0,3,8245098
559,1054,Universitas Sulawesi Barat,Madya,0,3,517
560,101037,Universitas Sumatera Barat,Madya,0,3,8244422
561,41030,Universitas Suryakancana,Madya,0,3,1418
562,101053,Universitas Syedza Saintika,Madya,0,3,8245002
563,21011,Universitas Tamansiswa,Madya,0,3,843
564,101005,Universitas Tamansiswa,Madya,0,3,4505
565,91074,Universitas Teknologi Akba Makassar,Madya,0,3,8244583
566,51028,Universitas Teknologi Digital Indonesia,Madya,0,3,1897
567,81030,Universitas Teknologi Sumbawa,Madya,0,3,2390
568,1060,Universitas Timor,Madya,0,3,551
569,11029,Universitas Tjut Nyak Dhien,Madya,0,3,599
570,161009,Universitas Tompotika Luwuk,Madya,0,3,2552
571,71061,Universitas Tribhuwana Tungga Dewi,Madya,0,3,2088
572,21008,Universitas Tridinanti,Madya,0,3,839
573,21014,Universitas Tulang Bawang,Madya,0,3,846
574,71041,Universitas Tulungagung,Madya,0,3,8244621
575,61018,Universitas Widya Dharma,Madya,0,3,2568
576,111007,Universitas Widya Gama Mahakam Samarinda,Madya,0,3,3138
577,51008,Universitas Widya Mataram,Madya,0,3,2385
578,61007,Universitas Wijayakusuma Purwokerto,Madya,0,3,63
579,41022,Universitas Winaya Mukti,Madya,0,3,1410
580,41014,Universitas Wiralodra,Madya,0,3,1402
581,71058,Universitas Wiraraja,Madya,0,3,2086
582,71028,Universitas Wisnuwardhana,Madya,0,3,504
583,141003,Universitas Yapis Papua,Madya,0,3,3455
584,71069,Universitas Yudharta Pasuruan,Madya,0,3,2096
585,72003,IKIP Widya Darma,Pratama,0,3,8244254
586,172022,Institut Az Zuhra,Pratama,0,3,8244803
587,92043,Institut Batari Toja Bone,Pratama,0,3,8245146
588,32015,Institut Bisnis dan Informatika (IBI) Kosgoro 1957,Pratama,0,3,1121
589,32009,Institut Bisnis dan Informatika Kwik Kian Gie,Pratama,0,3,1113
590,32014,Institut Bisnis dan Multimedia Asmi Jakarta,Pratama,0,3,1120
591,12010,Institut Bisnis Informasi Teknologi dan Bisnis,Pratama,0,3,3205
592,42010,Institut Bisnis Muhammadiyah Bekasi,Pratama,0,3,1455
593,32012,Institut Bisnis Nusantara,Pratama,0,3,1116
594,22018,Institut Citra Internasional,Pratama,0,3,956
595,92037,Institut Cokroaminoto Pinrang,Pratama,0,3,8245032
596,42022,Institut Digital Ekonomi LPKIA,Pratama,0,3,8244541
597,152006,Institut Filsafat dan Teknologi Kreatif Ledalero,Pratama,0,3,2422
598,72029,Institut Ilmu Kesehatan Nahdlatul Ulama Tuban,Pratama,0,3,2249
599,92012,Institut Ilmu Kesehatan Pelamonia Kesdam XIV/ Hasanuddin,Pratama,0,3,2749
600,32005,Institut Ilmu Sosial dan Ilmu Politik Jakarta,Pratama,0,3,1110
601,32017,Institut Ilmu Sosial dan Manajemen STIAMI,Pratama,0,3,1064
602,72014,Institut Informatika Indonesia Surabaya,Pratama,0,3,2128
603,62016,Institut Karya Mulia Bangsa,Pratama,0,3,8245017
604,152002,Institut Keguruan dan Teknologi Larantuka,Pratama,0,3,2399
605,42029,Institut Kesehatan dan Bisnis Annisa,Pratama,0,3,8244939
606,92008,Institut Kesehatan dan Bisnis St. Fatimah Mamuju,Pratama,0,3,8244522
607,72028,Institut Kesehatan dan Bisnis Surabaya,Pratama,0,3,8244683
608,162002,Institut Kesehatan dan Teknologi Graha Medika,Pratama,0,3,2739
609,32029,Institut Kesehatan dan Teknologi Pondok Karya Pembangunan,Pratama,0,3,1232
610,12007,Institut Kesehatan Deli Husada Deli Tua,Pratama,0,3,8122
611,12006,Institut Kesehatan Helvetia,Pratama,0,3,669
612,172024,Institut Kesehatan Helvetia Pekanbaru,Pratama,0,3,8245020
613,32032,Institut Kesehatan Hermina,Pratama,0,3,8244810
614,12008,Institut Kesehatan Medistra Lubuk Pakam,Pratama,0,3,670
615,172006,Institut Kesehatan Mitra Bunda,Pratama,0,3,3021
616,42017,Institut Kesehatan Rajawali,Pratama,0,3,1665
617,12013,Institut Kesehatan Sumatera Utara,Pratama,0,3,673
618,32002,Institut Kesenian Jakarta,Pratama,0,3,1108
619,32025,Institut Komunikasi dan Bisnis LSPR,Pratama,0,3,1183
620,22007,Institut Maritim Prasetiya Mandiri,Pratama,0,3,8244421
621,32037,Institut Media Digital Emtek,Pratama,0,3,8245155
622,12016,Institut Modern Arsitektur dan Teknologi,Pratama,0,3,8244685
623,42031,Institut Pangeran Dharma Kusuma,Pratama,0,3,8244949
624,32036,Institut Pariwisata Tedja Indonesia,Pratama,0,3,8245208
625,82008,Institut Pendidikan Nusantara Global,Pratama,0,3,8303
626,152007,Institut Pendidikan Soe,Pratama,0,3,2474
627,42032,Institut Prima Bangsa,Pratama,0,3,8244969
628,122002,Institut Sains dan Kependidikan Kie Raha Maluku Utara,Pratama,0,3,8244945
629,32008,Institut Sains dan Teknologi Al-Kamal,Pratama,0,3,1112
630,112007,Institut Sains dan Teknologi Muhammadiyah Tarakan,Pratama,0,3,8244714
631,32004,Institut Sains dan Teknologi Nasional,Pratama,0,3,1109
632,12004,Institut Sains dan Teknologi Td Pardede,Pratama,0,3,613
633,72041,Institut Sains Teknologi dan Kesehatan Insan Cendekia Husada Bojonegoro,Pratama,0,3,2258
634,2011,Institut Seni Budaya Indonesia Aceh,Pratama,0,3,1114
635,2012,Institut Seni Budaya Indonesia Tanah Papua,Pratama,0,3,1477
636,32038,Institut Sosial dan Teknologi Widuri,Pratama,0,3,8245213
637,32034,Institut Tarumanagara,Pratama,0,3,8244922
638,2015,Institut Teknologi Bacharuddin Jusuf Habibie,Pratama,0,3,2129
639,62008,Institut Teknologi Bisnis AAS Indonesia,Pratama,0,3,8244319
640,22016,Institut Teknologi Bisnis dan Bahasa Dian Cipta Cendikia,Pratama,0,3,8244765
641,32007,Institut Teknologi Budi Utomo,Pratama,0,3,1096
642,32021,Institut Teknologi Calvin,Pratama,0,3,8244400
643,32023,Institut Teknologi dan Bisnis Ahmad Dahlan,Pratama,0,3,1176
644,72027,Institut Teknologi dan Bisnis Ahmad Dahlan Lamongan,Pratama,0,3,2205
645,42018,Institut Teknologi dan Bisnis Bina Sarana Global,Pratama,0,3,1644
646,22019,Institut Teknologi dan Bisnis Bina Sriwijaya Palembang,Pratama,0,3,8245067
647,12011,Institut Teknologi dan Bisnis Indonesia,Pratama,0,3,3571
648,172019,Institut Teknologi dan Bisnis Indragiri,Pratama,0,3,8244989
649,122001,Institut Teknologi dan Bisnis STIKOM Ambon,Pratama,0,3,3340
650,32027,Institut Teknologi dan Bisnis Swadharma,Pratama,0,3,1153
651,72037,Institut Teknologi dan Bisnis Tuban,Pratama,0,3,8244668
652,72040,Institut Teknologi dan Bisnis Yadika Pasuruan,Pratama,0,3,8244567
653,92004,Institut Teknologi dan Kesehatan Avicenna,Pratama,0,3,2674
654,82022,Institut Teknologi dan Kesehatan Bintang Persada,Pratama,0,3,8244766
655,12021,Institut Teknologi dan Kesehatan Ika Bina,Pratama,0,3,3580
656,42028,Institut Teknologi dan Kesehatan Mahardika,Pratama,0,3,1589
657,92011,Institut Teknologi dan Kesehatan Permata Ilmu Maros,Pratama,0,3,8244472
658,12014,Institut Teknologi dan Kesehatan Sumatera Utara,Pratama,0,3,3574
659,82016,Institut Teknologi dan Pendidikan Markandeya Bali,Pratama,0,3,2460
660,22009,Institut Teknologi dan Sains Nahdlatul Ulama Lampung,Pratama,0,3,8244708
661,62004,Institut Teknologi dan Sains Nahdlatul Ulama Pekalongan,Pratama,0,3,8444
662,42006,Institut Teknologi Harapan Bangsa,Pratama,0,3,1454
663,92017,Institut Teknologi Kesehatan dan Sains Muhammadiyah Sidrap,Pratama,0,3,2734
664,114104,Institut Teknologi Kesehatan dan Sains Wiyata Husada Samarinda,Pratama,0,3,3216
665,72031,Institut Teknologi Kesehatan Malang Widya Cipta Husada,Pratama,0,3,2256
666,162001,Institut Teknologi Minaesa,Pratama,0,3,2576
667,172020,Institut Teknologi Mitra Gama,Pratama,0,3,3062
668,42027,Institut Teknologi Petroleum Balongan,Pratama,0,3,8244769
669,72039,Institut Teknologi Sains dan Kesehatan Insan Cendekia Medika Jombang,Pratama,0,3,8244565
670,82020,Institut Teknologi Sosial dan Kesehatan Muhammadiyah Selong,Pratama,0,3,8244620
671,52005,Institut Teknologi Yogyakarta,Pratama,0,3,1889
672,72026,"Institut Teknologi, Sains, dan Kesehatan RS.DR. Soepraoen Kesdam V/BRW",Pratama,0,3,2357
673,92035,Institut Turatea Indonesia,Pratama,0,3,2631
674,93015,Sekolah Tinggi Filsafat Theologia Jaffray,Pratama,0,3,2589
675,63022,Sekolah Tinggi Ilmu Ekonomi AMA,Pratama,0,3,308
676,33038,Sekolah Tinggi Ilmu Ekonomi Bhakti Pembangunan,Pratama,0,3,1141
677,33060,Sekolah Tinggi Ilmu Ekonomi Bisnis Indonesia,Pratama,0,3,1150
678,63008,Sekolah Tinggi Ilmu Ekonomi Dharma Putra Semarang,Pratama,0,3,282
679,73004,Sekolah Tinggi Ilmu Ekonomi Mahardhika,Pratama,0,3,2135
680,23077,Sekolah Tinggi Ilmu Kesehatan (STIKES) Tri Mandiri Sakti Bengkulu,Pratama,0,3,920
681,33173,Sekolah Tinggi Ilmu Kesehatan Abdi Nusantara,Pratama,0,3,1227
682,23080,Sekolah Tinggi Ilmu Kesehatan Al Ma arif,Pratama,0,3,924
683,13208,Sekolah Tinggi Ilmu Kesehatan Arta Kabanjahe,Pratama,0,3,8244875
684,43389,Sekolah Tinggi Ilmu Kesehatan Bhakti Husada Cikarang,Pratama,0,3,8244758
685,63069,Sekolah Tinggi Ilmu Kesehatan Bina Cipta Husada Purwokerto,Pratama,0,3,176
686,13122,Sekolah Tinggi Ilmu Kesehatan Binalita Sudama,Pratama,0,3,679
687,43284,Sekolah Tinggi Ilmu Kesehatan Budhi Luhur Cimahi,Pratama,0,3,1645
688,23145,Sekolah Tinggi Ilmu Kesehatan Budi Mulia Sriwijaya,Pratama,0,3,8244791
689,43178,Sekolah Tinggi Ilmu Kesehatan Cirebon,Pratama,0,3,1561
690,13214,Sekolah Tinggi Ilmu Kesehatan Darmo,Pratama,0,3,741
691,13162,Sekolah Tinggi Ilmu Kesehatan Flora,Pratama,0,3,693
692,163056,Sekolah Tinggi Ilmu Kesehatan Gunung Maria Tomohon,Pratama,0,3,2825
693,73139,Sekolah Tinggi Ilmu Kesehatan Husada Jombang,Pratama,0,3,2242
694,113097,Sekolah Tinggi Ilmu Kesehatan Intan Martapura,Pratama,0,3,3292
695,63060,Sekolah Tinggi Ilmu Kesehatan Kendal,Pratama,0,3,126
696,73152,Sekolah Tinggi Ilmu Kesehatan Kendedes,Pratama,0,3,2252
697,73123,Sekolah Tinggi Ilmu Kesehatan Majapahit,Pratama,0,3,2227
698,123052,Sekolah Tinggi Ilmu Kesehatan Makariwo Halmahera,Pratama,0,3,3334
699,23111,Sekolah Tinggi Ilmu Kesehatan Mitra Adiguna,Pratama,0,3,948
700,33209,Sekolah Tinggi Ilmu Kesehatan Mitra Keluarga,Pratama,0,3,1257
701,133053,Sekolah Tinggi Ilmu Kesehatan Muhammadiyah Aceh,Pratama,0,3,8244002
702,113098,Sekolah Tinggi Ilmu Kesehatan Mutiara Mahakam Samarinda,Pratama,0,3,3280
703,23139,Sekolah Tinggi Ilmu Kesehatan Panca Bhakti,Pratama,0,3,1007
704,73144,Sekolah Tinggi Ilmu Kesehatan Pemkab Jombang,Pratama,0,3,2246
705,33190,Sekolah Tinggi Ilmu Kesehatan Pertamedika,Pratama,0,3,1241
706,73184,Sekolah Tinggi Ilmu Kesehatan Rajekwesi Bojonegoro,Pratama,0,3,2307
707,43386,Sekolah Tinggi Ilmu Kesehatan RS Dustira,Pratama,0,3,8244709
708,33217,Sekolah Tinggi Ilmu Kesehatan RS Husada,Pratama,0,3,1356
709,33220,Sekolah Tinggi Ilmu Kesehatan RSPAD Gatot Soebroto,Pratama,0,3,1373
710,73188,Sekolah Tinggi Ilmu Kesehatan Rustida,Pratama,0,3,8244537
711,23140,Sekolah Tinggi Ilmu Kesehatan Sapta Bakti,Pratama,0,3,1031
712,13207,Sekolah Tinggi Ilmu Kesehatan Sehat Medan,Pratama,0,3,745
713,63119,Sekolah Tinggi Ilmu Kesehatan Serulingmas,Pratama,0,3,8469
714,23097,Sekolah Tinggi Ilmu Kesehatan Siti Khadijah,Pratama,0,3,937
715,93157,Sekolah Tinggi Ilmu Kesehatan Stella Maris Makasar,Pratama,0,3,2717
716,33224,Sekolah Tinggi Ilmu Kesehatan Sumber Waras,Pratama,0,3,1369
717,63116,Sekolah Tinggi Ilmu Kesehatan Tujuh Belas,Pratama,0,3,327
718,43282,Sekolah Tinggi Ilmu Kesehatan Widya Dharma Husada Tangerang,Pratama,0,3,1643
719,73160,Sekolah Tinggi Ilmu Kesehatan William Booth,Pratama,0,3,2260
720,93134,Sekolah Tinggi Ilmu Kesehatan Yapika,Pratama,0,3,2695
721,33138,Sekolah Tinggi Ilmu Maritim Ami,Pratama,0,3,1203
722,33014,Sekolah TInggi Keguruan dan Ilmu Pendidikan Kusuma Negara,Pratama,0,3,1130
723,113067,Sekolah Tinggi Keguruan dan Ilmu Pendidikan Melawi,Pratama,0,3,3212
724,43186,Sekolah Tinggi Kesehatan Indonesia Wirautama,Pratama,0,3,1566
725,33152,Sekolah Tinggi Manajemen Asuransi Trisakti,Pratama,0,3,1213
726,33226,Sekolah Tinggi Manajemen Pariwisata dan Logistik Lentera Mondial,Pratama,0,3,8244869
727,53049,Sekolah Tinggi Maritim Yogyakarta,Pratama,0,3,1937
728,53020,Sekolah Tinggi Pariwisata Ampta Yogyakarta,Pratama,0,3,1905
729,153035,Sekolah Tinggi Pertanian Flores Bajawa,Pratama,0,3,8244454
730,73057,Sekolah Tinggi Teknik Malang,Pratama,0,3,2182
731,43044,Sekolah Tinggi Teknologi Bina Tunggal,Pratama,0,3,8244645
732,53018,Sekolah Tinggi Teknologi Kedirgantaraan,Pratama,0,3,1903
733,43040,Sekolah Tinggi Teknologi Mandala,Pratama,0,3,1476
734,113049,Sekolah Tinggi Teknologi Migas,Pratama,0,3,3195
735,93171,STIKES Amanah Makassar,Pratama,0,3,2730
736,73137,STIKES Banyuwangi,Pratama,0,3,2240
737,73162,STIKES Bhakti Husada Mulia,Pratama,0,3,2262
738,93149,STIKES Bhakti Pertiwi Luwu Raya,Pratama,0,3,2709
739,83050,STIKES Bina Usada Bali,Pratama,0,3,2448
740,113089,STIKES Borneo Cendekia Medika,Pratama,0,3,3233
741,133030,STIKES Darussalam Lhokseumawe,Pratama,0,3,3390
742,113084,STIKES Eka Harap,Pratama,0,3,3228
743,53042,STIKES Guna Bangsa Yogyakarta,Pratama,0,3,1923
744,73159,STIKES Hutama Abdi Husada Tulungagung,Pratama,0,3,2259
745,113081,STIKES Kapuas Raya,Pratama,0,3,3225
746,43298,STIKES Karsa Husada Garut,Pratama,0,3,1657
747,73133,STIKES Katolik St Vincentius A Paulo Surabaya,Pratama,0,3,2236
748,123058,STIKES Maluku Husada,Pratama,0,3,3338
749,153017,STIKES Maranatha Kupang,Pratama,0,3,2466
750,133033,STIKES Medika Nurul Islam,Pratama,0,3,3393
751,63096,STIKES Mitra Husada Karanganyar,Pratama,0,3,224
752,133031,STIKES Muhammadiyah Lhokseumawe,Pratama,0,3,3391
753,73178,STIKES Panti Waluya Malang,Pratama,0,3,2319
754,173116,STIKES Pekanbaru Medical Center,Pratama,0,3,3016
755,43348,STIKES Prima Indonesia,Pratama,0,3,1701
756,103104,STIKES Ranah Minang,Pratama,0,3,3007
757,73142,STIKES RS Baptis Kediri,Pratama,0,3,2244
758,13185,STIKES Senior Medan,Pratama,0,3,710
759,173086,STIKES Tengku Maharatu,Pratama,0,3,2991
760,53041,STIKES Yogyakarta,Pratama,0,3,1922
761,23005,STISIPOL Candradimuka,Pratama,0,3,866
762,83006,STKIP Agama Hindu Amlapura,Pratama,0,3,2407
763,73167,STKIP Al Hikmah Surabaya,Pratama,0,3,2266
764,73129,STKIP Bina Insan Mandiri,Pratama,0,3,2233
765,83091,STKIP Harapan Bima,Pratama,0,3,2486
766,73170,STKIP Modern Ngawi,Pratama,0,3,2268
767,153028,STKIP Muhammadiyah Kalabahi,Pratama,0,3,8234
768,103022,STKIP Muhammadiyah Sungai Penuh,Pratama,0,3,2937
769,163014,STKIP PGRI Manado,Pratama,0,3,2627
770,73065,STKIP PGRI Pacitan,Pratama,0,3,2188
771,73064,STKIP PGRI Sidoarjo,Pratama,0,3,2187
772,73051,STKIP PGRI Sumenep,Pratama,0,3,2176
773,73045,STKIP PGRI Trenggalek,Pratama,0,3,2171
774,153022,STKIP Sinar Pancasila,Pratama,0,3,2475
775,43344,STKIP Syekh Manshur,Pratama,0,3,1697
776,83051,STKIP Taman Siswa Bima,Pratama,0,3,2449
777,83062,STKIP Yapis Dompu,Pratama,0,3,2459
778,43198,STMIK Ganesha Bandung,Pratama,0,3,1577
779,43185,STMIK IKMI Cirebon,Pratama,0,3,1565
780,13118,STMIK Kaputama,Pratama,0,3,677
781,43232,STMIK Mercusuar,Pratama,0,3,1600
782,13147,STMIK Pelita Nusantara,Pratama,0,3,627
783,71035,Universitas 17 Agustus 1945 Banyuwangi,Pratama,0,3,2063
784,81013,Universitas 45 Mataram,Pratama,0,3,2376
785,71016,Universitas 45 Surabaya,Pratama,0,3,2046
786,161028,Universitas Abdul Azis Lamadjido,Pratama,0,3,8244779
787,101038,Universitas Adzkia,Pratama,0,3,3012
788,31057,Universitas Agung Podomoro,Pratama,0,3,1103
789,21031,Universitas Aisyah Pringsewu,Pratama,0,3,955
790,21053,Universitas Aisyiyah Palembang,Pratama,0,3,8245224
791,61034,Universitas AKI,Pratama,0,3,44
792,61065,Universitas Al Hikmah Jepara,Pratama,0,3,8244574
793,131017,Universitas Al Washliyah Darussalam Banda Aceh,Pratama,0,3,8245168
794,11026,Universitas Al-Azhar,Pratama,0,3,8250
795,41037,Universitas Al-ghifari,Pratama,0,3,1425
796,101055,Universitas Alifah Padang,Pratama,0,3,8245157
797,61062,Universitas Al-Irsyad Cilacap,Pratama,0,3,233
798,41092,Universitas Al-Khairiyah,Pratama,0,3,8244428
799,11017,Universitas Alwashliyah,Pratama,0,3,594
800,141011,Universitas Amal Ilmiah Yapis Wamena,Pratama,0,3,3328
801,11010,Universitas Amir Hamzah,Pratama,0,3,588
802,41147,Universitas An Nasher,Pratama,0,3,8245186
803,61053,Universitas An Nuur,Pratama,0,3,8244247
804,21043,Universitas Anak Bangsa,Pratama,0,3,8244834
805,91082,Universitas Andi Sudirman,Pratama,0,3,8244827
806,71116,Universitas Annuqayah,Pratama,0,3,8244940
807,111017,Universitas Antakusuma,Pratama,0,3,3146
808,71108,Universitas Anwar Medika,Pratama,0,3,2271
809,31083,Universitas Ary Ginanjar,Pratama,0,3,8244958
810,151014,Universitas Aryasatya Deo Muri,Pratama,0,3,8350
811,31076,Universitas Asa Indonesia,Pratama,0,3,8244734
812,11053,Universitas Audi Indonesia,Pratama,0,3,8244317
813,11051,Universitas Aufa Royhan,Pratama,0,3,694
814,171041,Universitas Awal Bros,Pratama,0,3,8244621
815,71078,Universitas Bakti Indonesia,Pratama,0,3,2105
816,41048,Universitas Bale Bandung,Pratama,0,3,1435
817,81039,Universitas Bali Dwipa,Pratama,0,3,8233
818,81046,Universitas Bali Internasional,Pratama,0,3,2401
819,141020,Universitas Baliem Papua,Pratama,0,3,8244979
820,121024,Universitas Banda Naira,Pratama,0,3,8244623
821,41128,Universitas Bandung,Pratama,0,3,1541
822,41119,Universitas Bani Saleh,Pratama,0,3,8244763
823,171010,Universitas Batam,Pratama,0,3,486
824,11055,Universitas Battuta,Pratama,0,3,8244322
825,41132,Universitas Bhakti Asih Tangerang,Pratama,0,3,8245102
826,41142,Universitas Bhakti Husada Indonesia,Pratama,0,3,8245104
827,61063,Universitas Bhamada Slawi,Pratama,0,3,8244543
828,71127,Universitas Bhinneka Nusantara,Pratama,0,3,8245202
829,71101,Universitas Bhinneka PGRI,Pratama,0,3,2166
830,71093,Universitas Billfath,Pratama,0,3,8110
831,81052,Universitas Bima Internasional MFH,Pratama,0,3,8245225
832,161023,Universitas Bina Mandiri Gorontalo,Pratama,0,3,8244291
833,161025,Universitas Bina Taruna Gorontalo,Pratama,0,3,8244483
834,41081,Universitas Binaniaga Indonesia,Pratama,0,3,1491
835,71046,Universitas Bojonegoro,Pratama,0,3,2074
836,71037,Universitas Bondowoso,Pratama,0,3,2065
837,111031,Universitas Borneo Lestari,Pratama,0,3,8244578
838,11056,Universitas Budi Darma,Pratama,0,3,8244538
839,121017,Universitas Bumi Hijrah Tidore,Pratama,0,3,3314
840,131016,Universitas Bumi Persada,Pratama,0,3,8244789
841,111029,Universitas Cahaya Bangsa,Pratama,0,3,3196
842,91084,Universitas Cahaya Prima,Pratama,0,3,2672
843,31084,Universitas Cakrawala,Pratama,0,3,8245014
844,41086,Universitas Cendekia Abditama,Pratama,0,3,8244512
845,51029,Universitas Cendekia Mitra Indonesia,Pratama,0,3,8244624
846,41089,Universitas Cipasung Tasikmalaya,Pratama,0,3,8244535
847,131018,Universitas Cipta Mandiri,Pratama,0,3,8245011
848,151015,Universitas Citra Bangsa,Pratama,0,3,2458
849,51006,Universitas Cokroaminoto Yogyakarta,Pratama,0,3,1871
850,81028,Universitas Cordova,Pratama,0,3,2388
851,71023,Universitas Darul Ulum,Pratama,0,3,2052
852,41140,Universitas Darul Ma`arif,Pratama,0,3,8245189
853,31074,Universitas Darunnajah,Pratama,0,3,8244679
854,111018,Universitas Darwan Ali,Pratama,0,3,3147
855,11059,Universitas Deli Sumatera,Pratama,0,3,8244487
856,11070,Universitas Deztron Indonesia,Pratama,0,3,8245126
857,41146,Universitas Dharma Indonesia,Pratama,0,3,8245181
858,101027,Universitas Dharmas Indonesia,Pratama,0,3,2914
859,31066,Universitas Dian Nusantara,Pratama,0,3,602
860,141017,Universitas Doktor Husni Ingratubun Papua,Pratama,0,3,8244871
861,121023,Universitas Doktor Husni Ingratubun Tual,Pratama,0,3,8244563
862,71092,Universitas Doktor Nugroho Magetan,Pratama,0,3,2261
863,121026,Universitas Dr. Djar Wattiheluw,Pratama,0,3,8245101
864,71107,Universitas dr. Soebandi,Pratama,0,3,2253
865,171049,Universitas Dumai,Pratama,0,3,8244842
866,161005,Universitas Dumoga Kotamobagu,Pratama,0,3,2540
867,11044,Universitas Efarina,Pratama,0,3,608
868,41070,Universitas Faletehan,Pratama,0,3,1557
869,91091,Universitas Famika,Pratama,0,3,2675
870,71051,Universitas Gajayana,Pratama,0,3,2079
871,101043,Universitas Graha Karya Muara Bulian,Pratama,0,3,8244713
872,71020,Universitas Gresik,Pratama,0,3,2050
873,51017,Universitas Gunung Kidul,Pratama,0,3,8244929
874,131009,Universitas Gunung Leuser,Pratama,0,3,3360
875,81015,Universitas Gunung Rinjani,Pratama,0,3,2378
876,71114,Universitas Hafshawaty Zainul Hasan,Pratama,0,3,8245041
877,41066,Universitas Halim Sanusi,Pratama,0,3,8244313
878,121015,Universitas Halmahera,Pratama,0,3,3313
879,91077,Universitas Handayani Makassar,Pratama,0,3,2638
880,121019,Universitas Hein Namotemo,Pratama,0,3,3316
881,41127,Universitas Horizon Indonesia,Pratama,0,3,8244847
882,31001,Universitas Ibnu Chaldun,Pratama,0,3,3353
883,161029,Universitas Ichsan Gorontalo Utara,Pratama,0,3,8244768
884,41112,Universitas Ichsan Satya,Pratama,0,3,8244738
885,91073,Universitas Ichsan Sidenreng Rappang,Pratama,0,3,8244297
886,11054,Universitas Imelda Medan,Pratama,0,3,457
887,21048,Universitas Indonesia Mandiri,Pratama,0,3,8245152
888,91034,Universitas Indonesia Timur,Pratama,0,3,2560
889,41084,Universitas Insan Cendekia Mandiri,Pratama,0,3,1405
890,31070,Universitas Insan Cita Indonesia,Pratama,0,3,8244712
891,41106,Universitas Internasional Jakarta,Pratama,0,3,8244699
892,141014,Universitas Internasional Papua,Pratama,0,3,8244793
893,121007,Universitas Iqra Buru,Pratama,0,3,3312
894,131002,Universitas Iskandar Muda,Pratama,0,3,3354
895,81012,Universitas Islam Al-azhar,Pratama,0,3,2375
896,71070,Universitas Islam Balitar,Pratama,0,3,2097
897,71062,Universitas Islam Darul `ulum,Pratama,0,3,2089
898,71034,Universitas Islam Jember,Pratama,0,3,2062
899,131012,Universitas Islam Kebangsaan Indonesia,Pratama,0,3,8278
900,11028,Universitas Islam Labuhan Batu,Pratama,0,3,8244426
901,71066,Universitas Islam Majapahit,Pratama,0,3,2092
902,51030,Universitas Islam Mulia Yogyakarta,Pratama,0,3,8244967
903,21022,Universitas Islam Ogan Komering Ilir Kayuagung,Pratama,0,3,8244676
904,71084,Universitas Islam Raden Rahmat,Pratama,0,3,2113
905,101022,Universitas Islam Sumatera Barat,Pratama,0,3,2909
906,61049,Universitas Ivet,Pratama,0,3,22
907,31005,Universitas Jakarta,Pratama,0,3,3357
908,31079,Universitas Jakarta Internasional,Pratama,0,3,8244928
909,21017,Universitas Kader Bangsa,Pratama,0,3,849
910,71083,Universitas Kahuripan Kediri,Pratama,0,3,2111
911,31082,Universitas Kalbis,Pratama,0,3,8244849
912,111019,Universitas Kaltara,Pratama,0,3,3148
913,111014,Universitas Kapuas,Pratama,0,3,3144
914,171020,Universitas Karimun,Pratama,0,3,2907
915,41076,Universitas Kartamulia Purwakarta,Pratama,0,3,8245028
916,61064,Universitas Karya Husada Semarang,Pratama,0,3,132
917,91081,Universitas Karya Persada Muna,Pratama,0,3,8244677
918,151010,Universitas Karyadarma Kupang,Pratama,0,3,2391
919,111032,Universitas Katolik Santo Agustinus Hippo,Pratama,0,3,8244576
920,151017,Universitas Katolik Weetebula,Pratama,0,3,8244929
921,71026,Universitas Katolik Widya Karya,Pratama,0,3,2055
922,71121,Universitas Kepanjen,Pratama,0,3,8245154
923,71098,Universitas KH. Bahaudin Mudhary Madura,Pratama,0,3,8322
924,41102,Universitas Koperasi Indonesia,Pratama,0,3,1451
925,71029,Universitas Kristen Cipta Wacana,Pratama,0,3,3026
926,111010,Universitas Kristen Palangka Raya,Pratama,0,3,3141
927,141005,Universitas Kristen Papua,Pratama,0,3,3457
928,61072,Universitas Kristen Teknologi Solo,Pratama,0,3,8244888
929,161017,Universitas Kristen Tentena,Pratama,0,3,2567
930,151012,Universitas Kristen Wira Wacana Sumba,Pratama,0,3,2393
931,91093,Universitas Kurnia Jaya Persada,Pratama,0,3,8245210
932,61055,Universitas Kusuma Husada Surakarta,Pratama,0,3,221
933,91072,Universitas Lamappapoleonro,Pratama,0,3,8244525
934,121022,Universitas Lelemuku Saumlaki,Pratama,0,3,8244676
935,21047,Universitas Lembah Dempo,Pratama,0,3,8244980
936,31080,Universitas LIA,Pratama,0,3,8244809
937,41120,Universitas Linggabuana PGRI Sukabumi,Pratama,0,3,8244715
938,41058,Universitas Lintas Internasional Indonesia,Pratama,0,3,1415
939,61040,Universitas Ma'arif Nahdlatul Ulama Kebumen,Pratama,0,3,1991
940,51033,Universitas Madani,Pratama,0,3,8245065
941,71122,Universitas Madani Indonesia,Pratama,0,3,8245048
942,51026,Universitas Mahakarya Asia,Pratama,0,3,8244369
943,81001,Universitas Mahendradatta,Pratama,0,3,2363
944,11062,Universitas Mahkota Tricom Unggul,Pratama,0,3,8244011
945,41090,Universitas Mandiri,Pratama,0,3,8244496
946,11064,Universitas Mandiri Bina Prestasi,Pratama,0,3,8244527
947,41118,Universitas Mangku Wiyata,Pratama,0,3,8244753
948,61056,Universitas Maritim AMNI,Pratama,0,3,8244272
949,41073,Universitas Ma'soem,Pratama,0,3,8425
950,41116,Universitas Matana,Pratama,0,3,1105
951,41125,Universitas Mayasari Bakti,Pratama,0,3,8244790
952,71022,Universitas Mayjen Sungkono,Pratama,0,3,2051
953,81049,Universitas Mbojo Bima,Pratama,0,3,8244852
954,31071,Universitas Media Nusantara Citra,Pratama,0,3,8244519
955,41094,Universitas Medika Suherman,Pratama,0,3,1629
956,91067,Universitas Mega Buana Palopo,Pratama,0,3,2733
957,101042,Universitas Merangin,Pratama,0,3,8244694
958,71031,Universitas Merdeka Pasuruan,Pratama,0,3,2059
959,71006,Universitas Merdeka Surabaya,Pratama,0,3,2893
960,11060,Universitas Mikroskil,Pratama,0,3,8244468
961,31081,Universitas Mitra Bangsa,Pratama,0,3,8244884
962,21029,Universitas Mitra Indonesia,Pratama,0,3,916
963,71033,Universitas Mochammad Sroedji,Pratama,0,3,2965
964,31059,Universitas Mohammad Husni Thamrin Jakarta,Pratama,0,3,1104
965,101026,Universitas Mohammad Natsir Bukittinggi,Pratama,0,3,2913
966,31024,Universitas Mpu Tantular,Pratama,0,3,1072
967,101016,Universitas Muara Bungo,Pratama,0,3,2903
968,41101,Universitas Muhammadiyah A.R. Fachruddin,Pratama,0,3,8244646
969,41138,Universitas Muhammadiyah Ahmad Dahlan Cirebon,Pratama,0,3,8245063
970,11071,Universitas Muhammadiyah Asahan,Pratama,0,3,8245159
971,41064,Universitas Muhammadiyah Bandung,Pratama,0,3,4508
972,21036,Universitas Muhammadiyah Bangka Belitung,Pratama,0,3,959
973,41080,Universitas Muhammadiyah Banten,Pratama,0,3,1667
974,91086,Universitas Muhammadiyah Barru,Pratama,0,3,8245046
975,111030,Universitas Muhammadiyah Berau,Pratama,0,3,3179
976,41113,Universitas Muhammadiyah Bogor Raya,Pratama,0,3,1679
977,61077,Universitas Muhammadiyah Brebes,Pratama,0,3,8245174
978,41137,Universitas Muhammadiyah Cileungsi,Pratama,0,3,8245099
979,61061,Universitas Muhammadiyah Gombong,Pratama,0,3,191
980,61070,Universitas Muhammadiyah Karanganyar,Pratama,0,3,8244604
981,61067,Universitas Muhammadiyah Kendal Batang,Pratama,0,3,8244744
982,61066,Universitas Muhammadiyah Klaten,Pratama,0,3,8244503
983,21035,Universitas Muhammadiyah Kotabumi,Pratama,0,3,8244008
984,61050,Universitas Muhammadiyah Kudus,Pratama,0,3,210
985,41136,Universitas Muhammadiyah Kuningan,Pratama,0,3,8245022
986,151004,Universitas Muhammadiyah Kupang,Pratama,0,3,488
987,21002,Universitas Muhammadiyah Lampung,Pratama,0,3,3308
988,71102,Universitas Muhammadiyah Madiun,Pratama,0,3,2169
989,131014,Universitas Muhammadiyah Mahakarya Aceh,Pratama,0,3,8244556
990,121020,Universitas Muhammadiyah Maluku,Pratama,0,3,8244429
991,91071,Universitas Muhammadiyah Mamuju,Pratama,0,3,2643
992,151018,Universitas Muhammadiyah Maumere,Pratama,0,3,2398
993,141012,Universitas Muhammadiyah Papua,Pratama,0,3,3476
994,61081,Universitas Muhammadiyah PKU Surakarta,Pratama,0,3,8245219
995,111033,Universitas Muhammadiyah Sampit,Pratama,0,3,8244784
996,91064,Universitas Muhammadiyah Sinjai,Pratama,0,3,8244324
997,61076,Universitas Muhammadiyah Tegal,Pratama,0,3,8245005
998,111026,Universitas Mulia,Pratama,0,3,8250
999,11067,Universitas Murni Teguh,Pratama,0,3,8244828
1000,21025,Universitas Musi Rawas,Pratama,0,3,857
1001,91062,Universitas Muslim Buton,Pratama,0,3,8244250
1002,171047,Universitas Nagoya Indonesia,Pratama,0,3,8244726
1003,61041,Universitas Nahdlatul Ulama Al Ghazali Cilacap,Pratama,0,3,53
1004,71090,Universitas Nahdlatul Ulama Blitar,Pratama,0,3,4811
1005,41054,Universitas Nahdlatul Ulama Cirebon,Pratama,0,3,1442
1006,161020,Universitas Nahdlatul Ulama Gorontalo,Pratama,0,3,8244392
1007,31061,Universitas Nahdlatul Ulama Indonesia,Pratama,0,3,8113
1008,111022,Universitas Nahdlatul Ulama Kalimantan Barat,Pratama,0,3,3151
1009,111021,Universitas Nahdlatul Ulama Kalimantan Selatan,Pratama,0,3,3150
1010,111020,Universitas Nahdlatul Ulama Kalimantan Timur,Pratama,0,3,3149
1011,21026,Universitas Nahdlatul Ulama Lampung,Pratama,0,3,858
1012,121021,Universitas Nahdlatul Ulama Maluku Utara,Pratama,0,3,8244688
1013,81032,Universitas Nahdlatul Ulama Nusa Tenggara Barat,Pratama,0,3,2392
1014,71113,Universitas Nahdlatul Ulama Pasuruan,Pratama,0,3,8244982
1015,61045,Universitas Nahdlatul Ulama Purwokerto,Pratama,0,3,8256
1016,91050,Universitas Nahdlatul Ulama Sulawesi Tenggara,Pratama,0,3,2574
1017,11047,Universitas Nahdlatul Ulama Sumatera Utara,Pratama,0,3,611
1018,61028,Universitas Nahdlatul Ulama Surakarta,Pratama,0,3,8244779
1019,51023,Universitas Nahdlatul Ulama Yogyakarta,Pratama,0,3,1989
1020,81014,Universitas Nahdlatul Wathan Mataram,Pratama,0,3,2377
1021,141009,Universitas Nani Bili Nusantara,Pratama,0,3,3461
1022,61046,Universitas Nasional Karangturi Semarang,Pratama,0,3,8427
1023,41031,Universitas Nasional Pasim,Pratama,0,3,1419
1024,71110,Universitas Nazhatut Thullab Al-Muafa Sampang,Pratama,0,3,8244797
1025,81051,Universitas Nggusuwaru,Pratama,0,3,8245161
1026,121004,Universitas Nuku,Pratama,0,3,3310
1027,121025,Universitas Nurul Hasan Bacan,Pratama,0,3,8244851
1028,131015,Universitas Nurul Hasanah Kutacane,Pratama,0,3,8244601
1029,21038,Universitas Nurul Huda,Pratama,0,3,946
1030,151007,Universitas Nusa Lontar Rote,Pratama,0,3,2384
1031,51032,Universitas Nusa Megarkencana,Pratama,0,3,8245042
1032,151008,Universitas Nusa Nipa,Pratama,0,3,2385
1033,161007,Universitas Nusantara Manado,Pratama,0,3,2548
1034,141013,Universitas Okmin Papua,Pratama,0,3,8244853
1035,111028,Universitas Oso,Pratama,0,3,8244426
1036,141008,Universitas Ottow Geissler,Pratama,0,3,3460
1037,21006,Universitas Palembang,Pratama,0,3,837
1038,41078,Universitas Panca Sakti Bekasi,Pratama,0,3,1677
1039,61021,Universitas Pandanaran,Pratama,0,3,8244234
1040,141016,Universitas Papua Madani Jayapura,Pratama,0,3,8244990
1041,161024,Universitas Parna Raya,Pratama,0,3,8244640
1042,121018,Universitas Pasifik Morotai,Pratama,0,3,3315
1043,21033,Universitas Pat Petulai,Pratama,0,3,933
1044,91047,Universitas Patria Artha,Pratama,0,3,2572
1045,71052,Universitas Pawyatan Daha,Pratama,0,3,8245122
1046,91048,Universitas Pejuang Republik Indonesia,Pratama,0,3,2527
1047,161012,Universitas Pembangunan Indonesia Manado,Pratama,0,3,2556
1048,141010,Universitas Pendidikan Muhammadiyah Sorong,Pratama,0,3,3483
1049,91008,Universitas Pepabri Makassar,Pratama,0,3,2534
1050,61042,Universitas Peradaban,Pratama,0,3,1993
1051,171053,Universitas Persada Bunda Indonesia,Pratama,0,3,8245182
1052,151013,Universitas Persatuan Guru 1945 NTT,Pratama,0,3,1987
1053,41083,Universitas Persatuan Islam,Pratama,0,3,1552
1054,21045,Universitas Pertiba,Pratama,0,3,8244794
1055,41108,Universitas Pertiwi,Pratama,0,3,8244710
1056,61051,Universitas Perwira Purbalingga,Pratama,0,3,8466
1057,71123,Universitas PGRI Mpu Sindok,Pratama,0,3,8245149
1058,111015,Universitas PGRI Palangka Raya,Pratama,0,3,3145
1059,61071,Universitas Pignatelli Triputra,Pratama,0,3,8244696
1060,161021,Universitas Pohuwato,Pratama,0,3,8244234
1061,21041,Universitas Prabumulih,Pratama,0,3,8244564
1062,41039,Universitas Pramita Indonesia,Pratama,0,3,1427
1063,101046,Universitas Prima Nusantara Bukittinggi,Pratama,0,3,3020
1064,41079,Universitas Primagraha,Pratama,0,3,8244326
1065,161019,Universitas Prisma,Pratama,0,3,4766
1066,41149,Universitas Prof Dr Hafiz MPH,Pratama,0,3,8245209
1067,51004,Universitas Proklamasi 45,Pratama,0,3,488
1068,11065,Universitas Putra Abadi Langkat,Pratama,0,3,8244561
1069,41035,Universitas Putra Indonesia,Pratama,0,3,1423
1070,81038,Universitas Qamarul Huda Badaruddin Bagu,Pratama,0,3,2447
1071,71097,Universitas Qomaruddin,Pratama,0,3,2228
1072,11048,Universitas Quality Berastagi,Pratama,0,3,4778
1073,21018,Universitas Ratu Samban,Pratama,0,3,3315
1074,171048,Universitas Riau Indonesia,Pratama,0,3,8245035
1075,171050,Universitas Rokania,Pratama,0,3,8244836
1076,61073,Universitas Safin Pati,Pratama,0,3,8244745
1077,131011,Universitas Sains Cut Nyak Dhien,Pratama,0,3,3362
1078,171052,Universitas Sains dan Teknologi Indonesia,Pratama,0,3,8245122
1079,61058,Universitas Sains dan Teknologi Komputer,Pratama,0,3,8244259
1080,41143,Universitas Sains Indonesia,Pratama,0,3,8245061
1081,91076,Universitas Sains Islam Al Mawaddah Warrahmah Kolaka,Pratama,0,3,8244690
1082,31073,Universitas Saintek Muhammadiyah,Pratama,0,3,8244582
1083,41135,Universitas Salakanagara,Pratama,0,3,8244998
1084,41100,Universitas Sali Al-Aitaam,Pratama,0,3,8244700
1085,151011,Universitas San Pedro,Pratama,0,3,8244275
1086,41123,Universitas Santo Borromeus,Pratama,0,3,8244759
1087,111036,Universitas Sapta Mandiri,Pratama,0,3,8245115
1088,111025,Universitas Sari Mulia,Pratama,0,3,8360
1089,161010,Universitas Sariputra Indonesia Tomohon,Pratama,0,3,2553
1090,41124,Universitas Satu,Pratama,0,3,8244822
1091,21040,Universitas Satu Nusa Lampung,Pratama,0,3,8244600
1092,11066,Universitas Satya Terra Bhinneka,Pratama,0,3,8244672
1093,141004,Universitas Satya Wiyata Mandala,Pratama,0,3,3456
1094,31031,Universitas Satyagama,Pratama,0,3,1078
1095,91013,Universitas Sawerigading,Pratama,0,3,2539
1096,41126,Universitas Sehati Indonesia,Pratama,0,3,8244987
1097,61043,Universitas Selamat Sri,Pratama,0,3,8111
1098,141019,Universitas Sepuluh Nopember Papua,Pratama,0,3,8244970
1099,21042,Universitas Serasan,Pratama,0,3,8244663
1100,21046,Universitas Serelo Lahat,Pratama,0,3,8244820
1101,41121,Universitas Setia Budhi Rangkasbitung,Pratama,0,3,8244762
1102,31068,Universitas Siber Asia,Pratama,0,3,8244320
1103,51027,Universitas Siber Muhammadiyah,Pratama,0,3,8244532
1104,41139,Universitas Sindang Kasih Majalengka,Pratama,0,3,8245012
1105,91080,Universitas Sipatokkong Mambo,Pratama,0,3,8244838
1106,11018,Universitas Sisingamangaraja XII Tapanuli Utara,Pratama,0,3,3147
1107,71045,Universitas Soerjo,Pratama,0,3,2073
1108,61074,Universitas Sragen,Pratama,0,3,8245007
1109,151019,Universitas Stella Maris Sumba,Pratama,0,3,8244930
1110,41042,Universitas Subang,Pratama,0,3,1430
1111,61075,Universitas Sugeng Hartono,Pratama,0,3,8244933
1112,91015,Universitas Sulawesi Tenggara,Pratama,0,3,2541
1113,91079,Universitas Sulbar Manarang,Pratama,0,3,8244521
1114,61032,Universitas Sultan Fatah,Pratama,0,3,157
1115,21030,Universitas Sumatera Selatan,Pratama,0,3,8263
1116,71047,Universitas Sunan Bonang,Pratama,0,3,2075
1117,71007,Universitas Sunan Giri Surabaya,Pratama,0,3,2896
1118,61024,Universitas Surakarta,Pratama,0,3,206
1119,41056,Universitas Surya,Pratama,0,3,1444
1120,91078,Universitas Syekh Yusuf Al Makassari Gowa,Pratama,0,3,8244664
1121,81006,Universitas Tabanan,Pratama,0,3,2368
1122,31050,Universitas Tama Jagakarsa,Pratama,0,3,1095
1123,91090,Universitas Tamalatea Makassar,Pratama,0,3,2636
1124,41085,Universitas Tangerang Raya,Pratama,0,3,8244501
1125,31054,Universitas Tanri Abeng,Pratama,0,3,1100
1126,41141,Universitas Taruna Bakti,Pratama,0,3,8245030
1127,41134,Universitas Teknologi Bandung,Pratama,0,3,8245010
1128,41111,Universitas Teknologi Digital,Pratama,0,3,8244697
1129,81044,Universitas Teknologi Mataram,Pratama,0,3,8351
1130,31077,Universitas Teknologi Muhammadiyah Jakarta,Pratama,0,3,8244692
1131,41050,Universitas Teknologi Nusantara,Pratama,0,3,1438
1132,91040,Universitas Teknologi Sulawesi,Pratama,0,3,2565
1133,161016,Universitas Teknologi Sulawesi Utara,Pratama,0,3,2566
1134,71057,Universitas Teknologi Surabaya,Pratama,0,3,2085
1135,91046,Universitas Tomakaka,Pratama,0,3,2571
1136,81043,Universitas Triatma Mulya,Pratama,0,3,8244215
1137,151009,Universitas Tribuana Kalabahi,Pratama,0,3,2387
1138,161022,Universitas Trinita,Pratama,0,3,8273
1139,131010,Universitas Ubudiyah Indonesia,Pratama,0,3,3361
1140,171025,Universitas Universal,Pratama,0,3,2912
1141,41122,Universitas Utpadaka Swastika,Pratama,0,3,8244795
1142,141007,Universitas Victory Sorong,Pratama,0,3,3459
1143,71014,Universitas W R Supratman,Pratama,0,3,2902
1144,71087,Universitas Wahidiyah,Pratama,0,3,2116
1145,41047,Universitas Wanita Internasional,Pratama,0,3,1434
1146,141015,Universitas Werisar,Pratama,0,3,8244806
1147,111027,Universitas Widya Dharma Pontianak,Pratama,0,3,8244211
1148,61059,Universitas Widya Husada Semarang,Pratama,0,3,8244277
1149,71017,Universitas Widya Kartika,Pratama,0,3,2904
1150,161027,Universitas Widya Nusantara,Pratama,0,3,2729
1151,71011,Universitas Wijaya Putra,Pratama,0,3,2899
1152,91088,Universitas Wira Bhakti,Pratama,0,3,8244994
1153,21051,Universitas Wira Buana,Pratama,0,3,8245204
1154,11068,Universitas Wirahusada Medan,Pratama,0,3,8245165
1155,41105,Universitas Yatsi Madani,Pratama,0,3,1638
1156,41107,Universitas Yayasan Pendidikan Imam Bonjol Majalengka,Pratama,0,3,8244615
1157,71013,Universitas Yos Soedarso,Pratama,0,3,2901
1158,61069,Universitas YPPI Rembang,Pratama,0,3,303
1159,41099,Universitas Yuppentek Indonesia,Pratama,0,3,8244735
